id,source,description
"87AE93-y",objects/014998D39V1.jpg,87.AE.93
"73AE135-a",objects/00821901.jpg,"Mixing Vessel with a Dancing Girl; Myson (Greek (Attic), active 500–475 B.C.); Athens, Greece; about 490 B.C.; Terracotta; 35 × 34.5 × 30 cm (13 3/4 × 13 9/16 × 11 13/16 in.); 73.AE.135"
"73AE135-b",objects/008219F3V1.jpg,"Mixing Vessel with a Dancing Girl; Myson (Greek (Attic), active 500–475 B.C.); Athens, Greece; about 490 B.C.; Terracotta; 35 × 34.5 × 30 cm (13 3/4 × 13 9/16 × 11 13/16 in.); 73.AE.135"
"73AE135-c",objects/008219F4V1.jpg,"Mixing Vessel with a Dancing Girl; Myson (Greek (Attic), active 500–475 B.C.); Athens, Greece; about 490 B.C.; Terracotta; 35 × 34.5 × 30 cm (13 3/4 × 13 9/16 × 11 13/16 in.); 73.AE.135"
"73AE135-d",objects/008219F5V1.jpg,"Mixing Vessel with a Dancing Girl; Myson (Greek (Attic), active 500–475 B.C.); Athens, Greece; about 490 B.C.; Terracotta; 35 × 34.5 × 30 cm (13 3/4 × 13 9/16 × 11 13/16 in.); 73.AE.135"
"73AE135-e",objects/008219F6V1.jpg,"Mixing Vessel with a Dancing Girl; Myson (Greek (Attic), active 500–475 B.C.); Athens, Greece; about 490 B.C.; Terracotta; 35 × 34.5 × 30 cm (13 3/4 × 13 9/16 × 11 13/16 in.); 73.AE.135"
"76AE13110-a",objects/00865801.jpg,76.AE.131.10
"76AE13110-b",objects/008658F1V1.jpg,76.AE.131.10
"77AE11-a",objects/00871301.jpg,"Red-Figure Volute Krater; Attributed to Kleophrades Painter (Greek (Attic), active 505–475 B.C.); Athens, Greece; 500–480 B.C.; Terracotta; 56.9 × 46.9 cm (22 3/8 × 18 7/16 in.); 77.AE.11"
"77AE11-b",objects/008713D32V1.jpg,"Red-Figure Volute Krater; Attributed to Kleophrades Painter (Greek (Attic), active 505–475 B.C.); Athens, Greece; 500–480 B.C.; Terracotta; 56.9 × 46.9 cm (22 3/8 × 18 7/16 in.); 77.AE.11"
"77AE11-c",objects/008713D33V1.jpg,"Red-Figure Volute Krater; Attributed to Kleophrades Painter (Greek (Attic), active 505–475 B.C.); Athens, Greece; 500–480 B.C.; Terracotta; 56.9 × 46.9 cm (22 3/8 × 18 7/16 in.); 77.AE.11"
"77AE11-d",objects/008713D34V1.jpg,"Red-Figure Volute Krater; Attributed to Kleophrades Painter (Greek (Attic), active 505–475 B.C.); Athens, Greece; 500–480 B.C.; Terracotta; 56.9 × 46.9 cm (22 3/8 × 18 7/16 in.); 77.AE.11"
"77AE11-e",objects/008713D35V1.jpg,"Red-Figure Volute Krater; Attributed to Kleophrades Painter (Greek (Attic), active 505–475 B.C.); Athens, Greece; 500–480 B.C.; Terracotta; 56.9 × 46.9 cm (22 3/8 × 18 7/16 in.); 77.AE.11"
"77AE11-f",objects/008713D36V1.jpg,"Red-Figure Volute Krater; Attributed to Kleophrades Painter (Greek (Attic), active 505–475 B.C.); Athens, Greece; 500–480 B.C.; Terracotta; 56.9 × 46.9 cm (22 3/8 × 18 7/16 in.); 77.AE.11"
"77AE11-g",objects/008713D37V1.jpg,"Red-Figure Volute Krater; Attributed to Kleophrades Painter (Greek (Attic), active 505–475 B.C.); Athens, Greece; 500–480 B.C.; Terracotta; 56.9 × 46.9 cm (22 3/8 × 18 7/16 in.); 77.AE.11"
"77AE11-h",objects/008713D38V1.jpg,"Red-Figure Volute Krater; Attributed to Kleophrades Painter (Greek (Attic), active 505–475 B.C.); Athens, Greece; 500–480 B.C.; Terracotta; 56.9 × 46.9 cm (22 3/8 × 18 7/16 in.); 77.AE.11"
"77AE11-i",objects/008713D39V1.jpg,"Red-Figure Volute Krater; Attributed to Kleophrades Painter (Greek (Attic), active 505–475 B.C.); Athens, Greece; 500–480 B.C.; Terracotta; 56.9 × 46.9 cm (22 3/8 × 18 7/16 in.); 77.AE.11"
"77AE11-j",objects/008713D40V1.jpg,"Red-Figure Volute Krater; Attributed to Kleophrades Painter (Greek (Attic), active 505–475 B.C.); Athens, Greece; 500–480 B.C.; Terracotta; 56.9 × 46.9 cm (22 3/8 × 18 7/16 in.); 77.AE.11"
"77AE11-k",objects/008713D41V1.jpg,"Red-Figure Volute Krater; Attributed to Kleophrades Painter (Greek (Attic), active 505–475 B.C.); Athens, Greece; 500–480 B.C.; Terracotta; 56.9 × 46.9 cm (22 3/8 × 18 7/16 in.); 77.AE.11"
"77AE11-l",objects/008713D42V1.jpg,"Red-Figure Volute Krater; Attributed to Kleophrades Painter (Greek (Attic), active 505–475 B.C.); Athens, Greece; 500–480 B.C.; Terracotta; 56.9 × 46.9 cm (22 3/8 × 18 7/16 in.); 77.AE.11"
"77AE11-m",objects/008713F11V1.jpg,"Red-Figure Volute Krater; Attributed to Kleophrades Painter (Greek (Attic), active 505–475 B.C.); Athens, Greece; 500–480 B.C.; Terracotta; 56.9 × 46.9 cm (22 3/8 × 18 7/16 in.); 77.AE.11"
"77AE11-n",objects/008713F12V1.jpg,"Red-Figure Volute Krater; Attributed to Kleophrades Painter (Greek (Attic), active 505–475 B.C.); Athens, Greece; 500–480 B.C.; Terracotta; 56.9 × 46.9 cm (22 3/8 × 18 7/16 in.); 77.AE.11"
"77AE11-o",objects/008713F13V1.jpg,"Red-Figure Volute Krater; Attributed to Kleophrades Painter (Greek (Attic), active 505–475 B.C.); Athens, Greece; 500–480 B.C.; Terracotta; 56.9 × 46.9 cm (22 3/8 × 18 7/16 in.); 77.AE.11"
"77AE11-p",objects/008713F14V1.jpg,"Red-Figure Volute Krater; Attributed to Kleophrades Painter (Greek (Attic), active 505–475 B.C.); Athens, Greece; 500–480 B.C.; Terracotta; 56.9 × 46.9 cm (22 3/8 × 18 7/16 in.); 77.AE.11"
"78AE3801",objects/11430101.jpg,"Attic Red-Figure Column Krater; Agrigento Painter; Athens, Greece, Europe; 470–460 B.C.; Terracotta; 33.5 cm (13 3/16 in.); 78.AE.380.1"
"78AE3801",objects/114301F1V1.jpg,"Attic Red-Figure Column Krater; Agrigento Painter; Athens, Greece, Europe; 470–460 B.C.; Terracotta; 33.5 cm (13 3/16 in.); 78.AE.380.1"
"78AE3801",objects/114301F2V1.jpg,"Attic Red-Figure Column Krater; Agrigento Painter; Athens, Greece, Europe; 470–460 B.C.; Terracotta; 33.5 cm (13 3/16 in.); 78.AE.380.1"
"78AE3801",objects/114301F3V1.jpg,"Attic Red-Figure Column Krater; Agrigento Painter; Athens, Greece, Europe; 470–460 B.C.; Terracotta; 33.5 cm (13 3/16 in.); 78.AE.380.1"
"78AE3801",objects/114301F4V1.jpg,"Attic Red-Figure Column Krater; Agrigento Painter; Athens, Greece, Europe; 470–460 B.C.; Terracotta; 33.5 cm (13 3/16 in.); 78.AE.380.1"
"79AE198-a",objects/01032401.jpg,"Attic Red-Figure Volute Krater; Attributed to Polygnotos (Greek (Attic), active 450–430 B.C.); Athens, Greece; about 445–430 B.C.; Terracotta; 28.8 × 47.7 cm (11 5/16 × 18 3/4 in.); 79.AE.198"
"79AE198-b",objects/010324D1V1.jpg,"Attic Red-Figure Volute Krater; Attributed to Polygnotos (Greek (Attic), active 450–430 B.C.); Athens, Greece; about 445–430 B.C.; Terracotta; 28.8 × 47.7 cm (11 5/16 × 18 3/4 in.); 79.AE.198"
"79AE198-c",objects/010324D2V1.jpg,"Attic Red-Figure Volute Krater; Attributed to Polygnotos (Greek (Attic), active 450–430 B.C.); Athens, Greece; about 445–430 B.C.; Terracotta; 28.8 × 47.7 cm (11 5/16 × 18 3/4 in.); 79.AE.198"
"79AE198-d",objects/010324D3V1.jpg,"Attic Red-Figure Volute Krater; Attributed to Polygnotos (Greek (Attic), active 450–430 B.C.); Athens, Greece; about 445–430 B.C.; Terracotta; 28.8 × 47.7 cm (11 5/16 × 18 3/4 in.); 79.AE.198"
"79AE198-e",objects/010324D4V1.jpg,"Attic Red-Figure Volute Krater; Attributed to Polygnotos (Greek (Attic), active 450–430 B.C.); Athens, Greece; about 445–430 B.C.; Terracotta; 28.8 × 47.7 cm (11 5/16 × 18 3/4 in.); 79.AE.198"
"79AE198-f",objects/010324D5V1.jpg,"Attic Red-Figure Volute Krater; Attributed to Polygnotos (Greek (Attic), active 450–430 B.C.); Athens, Greece; about 445–430 B.C.; Terracotta; 28.8 × 47.7 cm (11 5/16 × 18 3/4 in.); 79.AE.198"
"79AE198-g",objects/010324F2V1.jpg,"Attic Red-Figure Volute Krater; Attributed to Polygnotos (Greek (Attic), active 450–430 B.C.); Athens, Greece; about 445–430 B.C.; Terracotta; 28.8 × 47.7 cm (11 5/16 × 18 3/4 in.); 79.AE.198"
"79AE198-h",objects/010324F4V1.jpg,"Attic Red-Figure Volute Krater; Attributed to Polygnotos (Greek (Attic), active 450–430 B.C.); Athens, Greece; about 445–430 B.C.; Terracotta; 28.8 × 47.7 cm (11 5/16 × 18 3/4 in.); 79.AE.198"
"79AE198-i",objects/010324F6V1.jpg,"Attic Red-Figure Volute Krater; Attributed to Polygnotos (Greek (Attic), active 450–430 B.C.); Athens, Greece; about 445–430 B.C.; Terracotta; 28.8 × 47.7 cm (11 5/16 × 18 3/4 in.); 79.AE.198"
"79AE9512-a",objects/02486201.jpg,"79.AE.95.12, 79.AE.95.13"
"79AE9512-b",objects/024862F1V1.jpg,"79.AE.95.12, 79.AE.95.13"
"79AE9512-c",objects/02486301.jpg,"79.AE.95.12, 79.AE.95.13"
"79AE9512-d",objects/024863F1V1.jpg,"79.AE.95.12, 79.AE.95.13"
"80AE13813-a",objects/01717901.jpg,80.AE.138.13
"80AE13813-b",objects/017179F1V1.jpg,80.AE.138.13
"81AE161-a",objects/gml_01153701.jpg,"Attic Red-Figure Column Krater; Unknown; Athens, Greece, Europe; about 460 B.C.; Terracotta; 30.5 cm (12 in.); 81.AE.161"
"81AE161-b",objects/gml_011537F2V1.jpg,"Attic Red-Figure Column Krater; Unknown; Athens, Greece, Europe; about 460 B.C.; Terracotta; 30.5 cm (12 in.); 81.AE.161"
"81AE161-c",objects/gml_011537F4V1.jpg,"Attic Red-Figure Column Krater; Unknown; Athens, Greece, Europe; about 460 B.C.; Terracotta; 30.5 cm (12 in.); 81.AE.161"
"81AE161-d",objects/gml_011537F6V1.jpg,"Attic Red-Figure Column Krater; Unknown; Athens, Greece, Europe; about 460 B.C.; Terracotta; 30.5 cm (12 in.); 81.AE.161"
"81AE161-e",objects/gml_011537F8V1.jpg,"Attic Red-Figure Column Krater; Unknown; Athens, Greece, Europe; about 460 B.C.; Terracotta; 30.5 cm (12 in.); 81.AE.161"
"81AE1887-a",objects/02666601.jpg,81.AE.188.7
"81AE1887-b",objects/026666F1V1.jpg,81.AE.188.7
"82AE143-a",objects/gml_01230201.jpg,"Attic Red-Figure Column Krater; Attributed to the Painter of London E489; Athens, Greece, Europe; about 460 B.C.; Terracotta; 38.5 × 30.5 cm (15 3/16 × 12 in.); 82.AE.143"
"82AE143-b",objects/gml_012302F10V1.jpg,"Attic Red-Figure Column Krater; Attributed to the Painter of London E489; Athens, Greece, Europe; about 460 B.C.; Terracotta; 38.5 × 30.5 cm (15 3/16 × 12 in.); 82.AE.143"
"82AE143-c",objects/gml_012302F11V1.jpg,"Attic Red-Figure Column Krater; Attributed to the Painter of London E489; Athens, Greece, Europe; about 460 B.C.; Terracotta; 38.5 × 30.5 cm (15 3/16 × 12 in.); 82.AE.143"
"82AE143-d",objects/gml_012302F12V1.jpg,"Attic Red-Figure Column Krater; Attributed to the Painter of London E489; Athens, Greece, Europe; about 460 B.C.; Terracotta; 38.5 × 30.5 cm (15 3/16 × 12 in.); 82.AE.143"
"82AE143-e",objects/gml_012302F8V1.jpg,"Attic Red-Figure Column Krater; Attributed to the Painter of London E489; Athens, Greece, Europe; about 460 B.C.; Terracotta; 38.5 × 30.5 cm (15 3/16 × 12 in.); 82.AE.143"
"83AE252-a",objects/gml_01241101.jpg,"Attic Red-Figure Column Krater; Pan Painter; Athens, Greece, Europe; about 480–470 B.C.; Terracotta; 32.5 × 24.7 cm (12 13/16 × 9 3/4 in.); 83.AE.252"
"83AE252-b",objects/gml_012411F2V1.jpg,"Attic Red-Figure Column Krater; Pan Painter; Athens, Greece, Europe; about 480–470 B.C.; Terracotta; 32.5 × 24.7 cm (12 13/16 × 9 3/4 in.); 83.AE.252"
"83AE252-c",objects/gml_012411F4V1.jpg,"Attic Red-Figure Column Krater; Pan Painter; Athens, Greece, Europe; about 480–470 B.C.; Terracotta; 32.5 × 24.7 cm (12 13/16 × 9 3/4 in.); 83.AE.252"
"83AE252-d",objects/gml_012411F6V1.jpg,"Attic Red-Figure Column Krater; Pan Painter; Athens, Greece, Europe; about 480–470 B.C.; Terracotta; 32.5 × 24.7 cm (12 13/16 × 9 3/4 in.); 83.AE.252"
"83AE252-e",objects/gml_012411F8V1.jpg,"Attic Red-Figure Column Krater; Pan Painter; Athens, Greece, Europe; about 480–470 B.C.; Terracotta; 32.5 × 24.7 cm (12 13/16 × 9 3/4 in.); 83.AE.252"
"83AE255-f",objects/gml_01241401.jpg,"Attic Red-Figure Column Krater; Manner of Pan Painter; Athens, Greece, Europe; about 470 B.C.; Terracotta; 31.3 × 23.6 cm (12 5/16 × 9 5/16 in.); 83.AE.255"
"83AE255-g",objects/gml_012414F2V1.jpg,"Attic Red-Figure Column Krater; Manner of Pan Painter; Athens, Greece, Europe; about 470 B.C.; Terracotta; 31.3 × 23.6 cm (12 5/16 × 9 5/16 in.); 83.AE.255"
"83AE255-h",objects/gml_012414F4V1.jpg,"Attic Red-Figure Column Krater; Manner of Pan Painter; Athens, Greece, Europe; about 470 B.C.; Terracotta; 31.3 × 23.6 cm (12 5/16 × 9 5/16 in.); 83.AE.255"
"83AE255-i",objects/gml_012414F6V1.jpg,"Attic Red-Figure Column Krater; Manner of Pan Painter; Athens, Greece, Europe; about 470 B.C.; Terracotta; 31.3 × 23.6 cm (12 5/16 × 9 5/16 in.); 83.AE.255"
"83AE255-j",objects/gml_012414F8V1.jpg,"Attic Red-Figure Column Krater; Manner of Pan Painter; Athens, Greece, Europe; about 470 B.C.; Terracotta; 31.3 × 23.6 cm (12 5/16 × 9 5/16 in.); 83.AE.255"
"83AE284201-a",objects/03364901.jpg,83.AE.284.201
"83AE284201-b",objects/033649F1V1.jpg,83.AE.284.201
"86AE202-a",objects/01404401.jpg,86.AE.202
"86AE202-b",objects/014044F1V1.jpg,86.AE.202
"86AE203-a",objects/01404501.jpg,86.AE.203
"86AE203-b",objects/014045F1V1.jpg,86.AE.203
"86AE204-a",objects/01404601.jpg,86.AE.204
"86AE204-b",objects/014046F1V1.jpg,86.AE.204
"86AE205-a",objects/01404701.jpg,86.AE.205
"86AE205-b",objects/014047F1V1.jpg,86.AE.205
"86AE205-a",objects/014047F2V1.jpg,86.AE.205
"86AE205-b",objects/014047F3V1.jpg,86.AE.205
"86AE205-c",objects/014047F4V1.jpg,86.AE.205
"86AE206-a",objects/01404801.jpg,86.AE.206
"86AE206-b",objects/014048F2V1.jpg,86.AE.206
"86AE206-c",objects/014048F3V1.jpg,86.AE.206
"86AE206-d",objects/014048F4V1.jpg,86.AE.206
"86AE206-e",objects/014048F5V1.jpg,86.AE.206
"86AE207-a",objects/01404901.jpg,86.AE.207
"86AE207-b",objects/014049F1V1.jpg,86.AE.207
"86AE208-a",objects/01405001.jpg,"86.AE.208, 86.AE.210"
"86AE208-b",objects/014050F1V1.jpg,"86.AE.208, 86.AE.210"
"86AE208-c",objects/01405401.jpg,"86.AE.208, 86.AE.210"
"86AE208-d",objects/014054F1V1.jpg,"86.AE.208, 86.AE.210"
"86AE2091-a",objects/01405201.jpg,"86.AE.209.1, 86.AE.209.2"
"86AE2091-b",objects/014052F1V1.jpg,"86.AE.209.1, 86.AE.209.2"
"86AE2091-c",objects/01405301.jpg,"86.AE.209.1, 86.AE.209.2"
"86AE2091-d",objects/014053F1V1.jpg,"86.AE.209.1, 86.AE.209.2"
"86AE2111-a",objects/01405601.jpg,"86.AE.211.1, 86.AE.211.2"
"86AE2111-b",objects/014056F1V1.jpg,"86.AE.211.1, 86.AE.211.2"
"86AE2111-c",objects/01405701.jpg,"86.AE.211.1, 86.AE.211.2"
"86AE2111-d",objects/014057F1V1.jpg,"86.AE.211.1, 86.AE.211.2"
"86AE587-a",objects/01494001.jpg,86.AE.587
"86AE587-b",objects/014940F1V1.jpg,86.AE.587
"87AE93-a",objects/01499801.jpg,87.AE.93
"87AE93-b",objects/014998D25V1.jpg,87.AE.93
"87AE93-c",objects/014998D26V1.jpg,87.AE.93
"87AE93-d",objects/014998D27V1.jpg,87.AE.93
"87AE93-e",objects/014998D28V1.jpg,87.AE.93
"87AE93-f",objects/014998D29V1.jpg,87.AE.93
"87AE93-g",objects/014998D30V1.jpg,87.AE.93
"87AE93-h",objects/014998D31V1.jpg,87.AE.93
"87AE93-i",objects/014998D32V1.jpg,87.AE.93
"87AE93-j",objects/014998D33V1.jpg,87.AE.93
"87AE93-k",objects/014998D34V1.jpg,87.AE.93
"87AE93-l",objects/014998D35V1.jpg,87.AE.93
"87AE93-m",objects/014998D36V1.jpg,87.AE.93
"87AE93-n",objects/014998D37V1.jpg,87.AE.93
"87AE93-o",objects/014998D38V1.jpg,87.AE.93
"87AE93-p",objects/014998F13V1.jpg,87.AE.93
"87AE93-q",objects/014998F14V1.jpg,87.AE.93
"87AE93-r",objects/014998F15V1.jpg,87.AE.93
"87AE93-s",objects/014998F16V1.jpg,87.AE.93
"87AE93-t",objects/014998F17V1.jpg,87.AE.93
"87AE93-u",objects/014998F18V1.jpg,87.AE.93
"87AE93-v",objects/014998F19V1.jpg,87.AE.93
"87AE93-w",objects/014998F20V1.jpg,87.AE.93
"87AE93-x",objects/gml_014998D5V1.jpg,"Mixing Vessel with Adonis, Aphrodite, and Persephone; Attributed to the Meleager Painter (Greek (Attic), active 420–380 B.C.); Athens, Greece; 390–380 B.C.; Terracotta; 78.7 × 40.6 cm (31 × 16 in.); 87.AE.93"
"97AE582-a",objects/03815701.jpg,97.AE.58.2
"97AE582-b",objects/038157F1V1.jpg,97.AE.58.2
"98AE821-a",objects/13264101.jpg,"98.AE.82.1, 98.AE.82.2, 98.AE.82.3, 98.AE.82.4, 98.AE.82.5, 98.AE.82.6, 98.AE.82.7, 98.AE.82.8, 98.AE.82.9, 98.AE.82.10, 98.AE.82.11, 98.AE.82.12"
"98AE821-b",objects/132641F4V1.jpg,"98.AE.82.1, 98.AE.82.2, 98.AE.82.3, 98.AE.82.4, 98.AE.82.5, 98.AE.82.6, 98.AE.82.7, 98.AE.82.8, 98.AE.82.9, 98.AE.82.10, 98.AE.82.11, 98.AE.82.12"
"98AE821-c",objects/13264201.jpg,"98.AE.82.1, 98.AE.82.2, 98.AE.82.3, 98.AE.82.4, 98.AE.82.5, 98.AE.82.6, 98.AE.82.7, 98.AE.82.8, 98.AE.82.9, 98.AE.82.10, 98.AE.82.11, 98.AE.82.12"
"98AE821-d",objects/132642F1V1.jpg,"98.AE.82.1, 98.AE.82.2, 98.AE.82.3, 98.AE.82.4, 98.AE.82.5, 98.AE.82.6, 98.AE.82.7, 98.AE.82.8, 98.AE.82.9, 98.AE.82.10, 98.AE.82.11, 98.AE.82.12"
"98AE821-e",objects/13264301.jpg,"98.AE.82.1, 98.AE.82.2, 98.AE.82.3, 98.AE.82.4, 98.AE.82.5, 98.AE.82.6, 98.AE.82.7, 98.AE.82.8, 98.AE.82.9, 98.AE.82.10, 98.AE.82.11, 98.AE.82.12"
"98AE821-f",objects/132643F1V1.jpg,"98.AE.82.1, 98.AE.82.2, 98.AE.82.3, 98.AE.82.4, 98.AE.82.5, 98.AE.82.6, 98.AE.82.7, 98.AE.82.8, 98.AE.82.9, 98.AE.82.10, 98.AE.82.11, 98.AE.82.12"
"98AE821-g",objects/13264401.jpg,"98.AE.82.1, 98.AE.82.2, 98.AE.82.3, 98.AE.82.4, 98.AE.82.5, 98.AE.82.6, 98.AE.82.7, 98.AE.82.8, 98.AE.82.9, 98.AE.82.10, 98.AE.82.11, 98.AE.82.12"
"98AE821-h",objects/132644F1V1.jpg,"98.AE.82.1, 98.AE.82.2, 98.AE.82.3, 98.AE.82.4, 98.AE.82.5, 98.AE.82.6, 98.AE.82.7, 98.AE.82.8, 98.AE.82.9, 98.AE.82.10, 98.AE.82.11, 98.AE.82.12"
"98AE821-i",objects/13264501.jpg,"98.AE.82.1, 98.AE.82.2, 98.AE.82.3, 98.AE.82.4, 98.AE.82.5, 98.AE.82.6, 98.AE.82.7, 98.AE.82.8, 98.AE.82.9, 98.AE.82.10, 98.AE.82.11, 98.AE.82.12"
"98AE821-j",objects/132645F1V1.jpg,"98.AE.82.1, 98.AE.82.2, 98.AE.82.3, 98.AE.82.4, 98.AE.82.5, 98.AE.82.6, 98.AE.82.7, 98.AE.82.8, 98.AE.82.9, 98.AE.82.10, 98.AE.82.11, 98.AE.82.12"
"98AE821-k",objects/13264601.jpg,"98.AE.82.1, 98.AE.82.2, 98.AE.82.3, 98.AE.82.4, 98.AE.82.5, 98.AE.82.6, 98.AE.82.7, 98.AE.82.8, 98.AE.82.9, 98.AE.82.10, 98.AE.82.11, 98.AE.82.12"
"98AE821-l",objects/132646F1V1.jpg,"98.AE.82.1, 98.AE.82.2, 98.AE.82.3, 98.AE.82.4, 98.AE.82.5, 98.AE.82.6, 98.AE.82.7, 98.AE.82.8, 98.AE.82.9, 98.AE.82.10, 98.AE.82.11, 98.AE.82.12"
"98AE821-m",objects/13264701.jpg,"98.AE.82.1, 98.AE.82.2, 98.AE.82.3, 98.AE.82.4, 98.AE.82.5, 98.AE.82.6, 98.AE.82.7, 98.AE.82.8, 98.AE.82.9, 98.AE.82.10, 98.AE.82.11, 98.AE.82.12"
"98AE821-n",objects/132647F1V1.jpg,"98.AE.82.1, 98.AE.82.2, 98.AE.82.3, 98.AE.82.4, 98.AE.82.5, 98.AE.82.6, 98.AE.82.7, 98.AE.82.8, 98.AE.82.9, 98.AE.82.10, 98.AE.82.11, 98.AE.82.12"
"98AE821-o",objects/13264801.jpg,"98.AE.82.1, 98.AE.82.2, 98.AE.82.3, 98.AE.82.4, 98.AE.82.5, 98.AE.82.6, 98.AE.82.7, 98.AE.82.8, 98.AE.82.9, 98.AE.82.10, 98.AE.82.11, 98.AE.82.12"
"98AE821-p",objects/132648F1V1.jpg,"98.AE.82.1, 98.AE.82.2, 98.AE.82.3, 98.AE.82.4, 98.AE.82.5, 98.AE.82.6, 98.AE.82.7, 98.AE.82.8, 98.AE.82.9, 98.AE.82.10, 98.AE.82.11, 98.AE.82.12"
"98AE821-q",objects/13264901.jpg,"98.AE.82.1, 98.AE.82.2, 98.AE.82.3, 98.AE.82.4, 98.AE.82.5, 98.AE.82.6, 98.AE.82.7, 98.AE.82.8, 98.AE.82.9, 98.AE.82.10, 98.AE.82.11, 98.AE.82.12"
"98AE821-r",objects/132649F1V1.jpg,"98.AE.82.1, 98.AE.82.2, 98.AE.82.3, 98.AE.82.4, 98.AE.82.5, 98.AE.82.6, 98.AE.82.7, 98.AE.82.8, 98.AE.82.9, 98.AE.82.10, 98.AE.82.11, 98.AE.82.12"
"98AE821-s",objects/13265001.jpg,"98.AE.82.1, 98.AE.82.2, 98.AE.82.3, 98.AE.82.4, 98.AE.82.5, 98.AE.82.6, 98.AE.82.7, 98.AE.82.8, 98.AE.82.9, 98.AE.82.10, 98.AE.82.11, 98.AE.82.12"
"98AE821-t",objects/132650F1V1.jpg,"98.AE.82.1, 98.AE.82.2, 98.AE.82.3, 98.AE.82.4, 98.AE.82.5, 98.AE.82.6, 98.AE.82.7, 98.AE.82.8, 98.AE.82.9, 98.AE.82.10, 98.AE.82.11, 98.AE.82.12"
"98AE821-u",objects/13265101.jpg,"98.AE.82.1, 98.AE.82.2, 98.AE.82.3, 98.AE.82.4, 98.AE.82.5, 98.AE.82.6, 98.AE.82.7, 98.AE.82.8, 98.AE.82.9, 98.AE.82.10, 98.AE.82.11, 98.AE.82.12"
"98AE821-v",objects/132651F1V1.jpg,"98.AE.82.1, 98.AE.82.2, 98.AE.82.3, 98.AE.82.4, 98.AE.82.5, 98.AE.82.6, 98.AE.82.7, 98.AE.82.8, 98.AE.82.9, 98.AE.82.10, 98.AE.82.11, 98.AE.82.12"
"98AE821-w",objects/13265201.jpg,"98.AE.82.1, 98.AE.82.2, 98.AE.82.3, 98.AE.82.4, 98.AE.82.5, 98.AE.82.6, 98.AE.82.7, 98.AE.82.8, 98.AE.82.9, 98.AE.82.10, 98.AE.82.11, 98.AE.82.12"
"98AE821-x",objects/132652F1V1.jpg,"98.AE.82.1, 98.AE.82.2, 98.AE.82.3, 98.AE.82.4, 98.AE.82.5, 98.AE.82.6, 98.AE.82.7, 98.AE.82.8, 98.AE.82.9, 98.AE.82.10, 98.AE.82.11, 98.AE.82.12"
"98AE821-y",objects/13265301.jpg,"98.AE.82.1, 98.AE.82.2, 98.AE.82.3, 98.AE.82.4, 98.AE.82.5, 98.AE.82.6, 98.AE.82.7, 98.AE.82.8, 98.AE.82.9, 98.AE.82.10, 98.AE.82.11, 98.AE.82.12"
"98AE821-z",objects/132653F1V1.jpg,"98.AE.82.1, 98.AE.82.2, 98.AE.82.3, 98.AE.82.4, 98.AE.82.5, 98.AE.82.6, 98.AE.82.7, 98.AE.82.8, 98.AE.82.9, 98.AE.82.10, 98.AE.82.11, 98.AE.82.12"